"","subj","rt_log","valenceE","t1","t2"
"1",1,7.95,-0.5,1,0
"2",1,6.98,-0.5,1,0
"3",1,6.86,-0.5,1,0
"4",1,7.34,-0.5,1,0
"5",1,7.08,-0.5,1,0
"6",1,7.26,-0.5,1,0
"7",1,6.83,-0.5,1,0
"8",1,6.69,-0.5,1,0
"9",1,6.78,-0.5,1,0
"10",1,6.63,-0.5,1,0
"11",1,6.97,-0.5,0,1
"12",1,7.37,-0.5,0,1
"13",1,7.6,-0.5,0,1
"14",1,7.16,-0.5,0,1
"15",1,7.1,-0.5,0,1
"16",1,7.08,-0.5,0,1
"17",1,7.7,-0.5,0,1
"18",1,7.25,-0.5,0,1
"19",1,6.69,0.5,1,0
"20",1,6.59,0.5,1,0
"21",1,6.78,0.5,1,0
"22",1,6.74,0.5,1,0
"23",1,6.55,0.5,1,0
"24",1,7.25,0.5,1,0
"25",1,6.73,0.5,1,0
"26",1,7.41,0.5,1,0
"27",1,6.5,0.5,1,0
"28",1,6.77,0.5,1,0
"29",1,6.53,0.5,1,0
"30",1,6.78,0.5,1,0
"31",1,7.44,0.5,1,0
"32",1,6.74,0.5,1,0
"33",1,7.19,0.5,1,0
"34",1,7.85,0.5,1,0
"35",1,7.22,0.5,0,1
"36",1,6.44,0.5,0,1
"37",1,6.75,0.5,0,1
"38",1,6.5,0.5,0,1
"39",1,6.37,0.5,0,1
"40",1,6.54,0.5,0,1
"41",1,7.11,0.5,0,1
"42",1,6.73,0.5,0,1
"43",1,7.39,0.5,0,1
"44",1,7.07,0.5,0,1
"45",1,7.19,0.5,0,1
"46",1,7.55,0.5,0,1
"47",1,7.82,0.5,0,1
"48",1,6.91,0.5,0,1
"49",3,7.19,-0.5,1,0
"50",3,7.52,-0.5,1,0
"51",3,7.76,-0.5,1,0
"52",3,7.12,-0.5,0,1
"53",3,7.16,-0.5,0,1
"54",3,7.11,0.5,1,0
"55",3,7.01,0.5,1,0
"56",3,7.13,0.5,1,0
"57",3,7.27,0.5,1,0
"58",3,7,0.5,1,0
"59",3,7.05,0.5,1,0
"60",3,6.87,0.5,1,0
"61",3,6.89,0.5,1,0
"62",3,6.82,0.5,1,0
"63",3,6.66,0.5,0,1
"64",3,6.89,0.5,0,1
"65",3,6.97,0.5,0,1
"66",3,6.89,0.5,0,1
"67",3,6.7,0.5,0,1
"68",3,6.84,0.5,0,1
"69",3,6.9,0.5,0,1
"70",3,7.02,0.5,0,1
"71",3,7.23,0.5,0,1
"72",4,7.15,-0.5,1,0
"73",4,6.69,-0.5,1,0
"74",4,6.47,-0.5,1,0
"75",4,7.09,-0.5,1,0
"76",4,6.72,-0.5,1,0
"77",4,6.93,-0.5,1,0
"78",4,6.93,-0.5,1,0
"79",4,7.18,-0.5,1,0
"80",4,7.16,-0.5,0,1
"81",4,6.4,-0.5,0,1
"82",4,6.99,-0.5,0,1
"83",4,6.32,-0.5,0,1
"84",4,6.72,-0.5,0,1
"85",4,6.82,-0.5,0,1
"86",4,6.7,-0.5,0,1
"87",4,6.45,-0.5,0,1
"88",4,6.41,-0.5,0,1
"89",4,6.64,-0.5,0,1
"90",4,6.42,-0.5,0,1
"91",4,6.43,-0.5,0,1
"92",4,6.62,-0.5,0,1
"93",4,7.21,0.5,1,0
"94",4,6.98,0.5,1,0
"95",4,6.99,0.5,1,0
"96",4,6.68,0.5,1,0
"97",4,6.93,0.5,1,0
"98",4,6.81,0.5,1,0
"99",4,6.99,0.5,1,0
"100",4,6.98,0.5,1,0
"101",4,6.94,0.5,1,0
"102",4,6.97,0.5,1,0
"103",4,7.23,0.5,1,0
"104",4,6.73,0.5,0,1
"105",4,7.26,0.5,0,1
"106",4,7.03,0.5,0,1
"107",4,6.64,0.5,0,1
"108",5,6.92,-0.5,1,0
"109",5,7.01,-0.5,1,0
"110",5,7.3,-0.5,1,0
"111",5,6.82,-0.5,1,0
"112",5,7.03,-0.5,1,0
"113",5,6.72,-0.5,1,0
"114",5,6.84,-0.5,1,0
"115",5,6.58,-0.5,1,0
"116",5,6.71,-0.5,1,0
"117",5,6.82,-0.5,1,0
"118",5,6.8,-0.5,1,0
"119",5,6.7,-0.5,1,0
"120",5,6.86,-0.5,1,0
"121",5,6.67,-0.5,1,0
"122",5,7.45,-0.5,1,0
"123",5,7.23,-0.5,1,0
"124",5,7.11,-0.5,1,0
"125",5,6.85,-0.5,0,1
"126",5,6.53,-0.5,0,1
"127",5,6.88,-0.5,0,1
"128",5,6.49,-0.5,0,1
"129",5,6.75,-0.5,0,1
"130",5,6.75,-0.5,0,1
"131",5,6.92,-0.5,0,1
"132",5,6.7,-0.5,0,1
"133",5,6.61,-0.5,0,1
"134",5,6.63,-0.5,0,1
"135",5,6.89,-0.5,0,1
"136",5,6.91,-0.5,0,1
"137",5,6.73,-0.5,0,1
"138",5,6.84,-0.5,0,1
"139",5,6.79,-0.5,0,1
"140",5,6.56,-0.5,0,1
"141",5,6.73,-0.5,0,1
"142",5,7.59,0.5,1,0
"143",5,7.15,0.5,1,0
"144",5,7.01,0.5,1,0
"145",5,6.99,0.5,1,0
"146",5,6.91,0.5,1,0
"147",5,7.13,0.5,0,1
"148",5,6.97,0.5,0,1
"149",5,6.89,0.5,0,1
"150",5,6.59,0.5,0,1
"151",5,6.65,0.5,0,1
"152",5,6.66,0.5,0,1
"153",5,6.87,0.5,0,1
"154",6,6.66,-0.5,1,0
"155",6,7.05,-0.5,1,0
"156",6,7.45,-0.5,1,0
"157",6,7.05,-0.5,1,0
"158",6,6.77,-0.5,1,0
"159",6,6.44,-0.5,0,1
"160",6,6.5,-0.5,0,1
"161",6,6.88,-0.5,0,1
"162",6,6.86,-0.5,0,1
"163",6,7.08,-0.5,0,1
"164",6,6.69,-0.5,0,1
"165",6,6.3,0.5,1,0
"166",6,6.62,0.5,1,0
"167",6,6.71,0.5,1,0
"168",6,6.34,0.5,1,0
"169",6,6.31,0.5,1,0
"170",6,6.34,0.5,1,0
"171",6,6.51,0.5,1,0
"172",6,7.1,0.5,1,0
"173",6,7.15,0.5,1,0
"174",6,6.39,0.5,1,0
"175",6,6.77,0.5,1,0
"176",6,6.72,0.5,1,0
"177",6,6.47,0.5,1,0
"178",6,6.46,0.5,1,0
"179",6,6.34,0.5,0,1
"180",6,6.37,0.5,0,1
"181",6,6.33,0.5,0,1
"182",6,6.06,0.5,0,1
"183",6,6.64,0.5,0,1
"184",6,6.28,0.5,0,1
"185",6,6.41,0.5,0,1
"186",6,6.49,0.5,0,1
"187",6,6.74,0.5,0,1
"188",6,6.7,0.5,0,1
"189",6,6.35,0.5,0,1
"190",6,6.41,0.5,0,1
"191",7,7.69,-0.5,1,0
"192",7,6.98,-0.5,1,0
"193",7,7.25,-0.5,1,0
"194",7,7.22,-0.5,1,0
"195",7,7.19,-0.5,1,0
"196",7,7.06,-0.5,1,0
"197",7,6.88,-0.5,1,0
"198",7,7.01,-0.5,1,0
"199",7,6.87,-0.5,1,0
"200",7,7.57,-0.5,1,0
"201",7,7.15,-0.5,1,0
"202",7,7.15,-0.5,0,1
"203",7,7.33,-0.5,0,1
"204",7,7.36,-0.5,0,1
"205",7,7,-0.5,0,1
"206",7,6.5,-0.5,0,1
"207",7,6.82,-0.5,0,1
"208",7,6.91,-0.5,0,1
"209",7,7.01,-0.5,0,1
"210",7,8.08,-0.5,0,1
"211",7,7.27,-0.5,0,1
"212",7,6.81,-0.5,0,1
"213",7,7.22,0.5,1,0
"214",7,7.38,0.5,1,0
"215",7,7.29,0.5,1,0
"216",7,6.67,0.5,1,0
"217",7,7.49,0.5,1,0
"218",7,7.08,0.5,1,0
"219",7,7.37,0.5,1,0
"220",7,7.23,0.5,1,0
"221",7,7.76,0.5,1,0
"222",7,7.63,0.5,1,0
"223",7,7.1,0.5,1,0
"224",7,6.86,0.5,1,0
"225",7,8.11,0.5,0,1
"226",7,7.43,0.5,0,1
"227",7,6.68,0.5,0,1
"228",7,7.15,0.5,0,1
"229",7,7.08,0.5,0,1
"230",7,8.01,0.5,0,1
"231",7,7.02,0.5,0,1
"232",7,7.5,0.5,0,1
"233",7,6.46,0.5,0,1
"234",7,8,0.5,0,1
"235",10,7.49,-0.5,1,0
"236",10,6.98,-0.5,1,0
"237",10,7.26,-0.5,1,0
"238",10,6.89,-0.5,1,0
"239",10,7.31,-0.5,1,0
"240",10,7.76,-0.5,1,0
"241",10,7.42,-0.5,1,0
"242",10,7.1,-0.5,0,1
"243",10,7.42,-0.5,0,1
"244",10,6.75,0.5,1,0
"245",10,6.82,0.5,1,0
"246",10,6.54,0.5,1,0
"247",10,7.43,0.5,1,0
"248",10,6.85,0.5,1,0
"249",10,6.5,0.5,1,0
"250",10,7.07,0.5,1,0
"251",10,6.53,0.5,1,0
"252",10,6.32,0.5,1,0
"253",10,6.48,0.5,1,0
"254",10,6.53,0.5,1,0
"255",10,6.88,0.5,1,0
"256",10,6.43,0.5,1,0
"257",10,6.62,0.5,1,0
"258",10,7.27,0.5,1,0
"259",10,6.55,0.5,1,0
"260",10,7.24,0.5,1,0
"261",10,7.4,0.5,1,0
"262",10,6.95,0.5,1,0
"263",10,7.05,0.5,0,1
"264",10,6.51,0.5,0,1
"265",10,6.66,0.5,0,1
"266",10,6.88,0.5,0,1
"267",10,6.86,0.5,0,1
"268",10,7.17,0.5,0,1
"269",10,6.58,0.5,0,1
"270",10,6.66,0.5,0,1
"271",10,6.53,0.5,0,1
"272",10,6.44,0.5,0,1
"273",10,6.47,0.5,0,1
"274",10,7.17,0.5,0,1
"275",10,6.95,0.5,0,1
"276",10,7.1,0.5,0,1
"277",10,6.87,0.5,0,1
"278",10,6.7,0.5,0,1
"279",10,6.65,0.5,0,1
"280",10,6.41,0.5,0,1
"281",11,6.86,-0.5,1,0
"282",11,7.01,-0.5,1,0
"283",11,6.95,-0.5,1,0
"284",11,7.16,-0.5,1,0
"285",11,7.16,-0.5,1,0
"286",11,7.29,-0.5,1,0
"287",11,6.88,-0.5,1,0
"288",11,6.91,-0.5,1,0
"289",11,7.13,-0.5,1,0
"290",11,7.23,-0.5,0,1
"291",11,6.98,-0.5,0,1
"292",11,7.15,-0.5,0,1
"293",11,6.84,-0.5,0,1
"294",11,6.94,-0.5,0,1
"295",11,6.85,-0.5,0,1
"296",11,7.25,-0.5,0,1
"297",11,6.76,-0.5,0,1
"298",11,6.67,-0.5,0,1
"299",11,6.73,-0.5,0,1
"300",11,6.95,-0.5,0,1
"301",11,6.94,-0.5,0,1
"302",11,6.69,-0.5,0,1
"303",11,7.18,-0.5,0,1
"304",11,7.14,-0.5,0,1
"305",11,7.12,0.5,1,0
"306",11,7.57,0.5,1,0
"307",11,7.25,0.5,1,0
"308",11,7.3,0.5,1,0
"309",11,7.25,0.5,1,0
"310",11,7.13,0.5,1,0
"311",11,7.15,0.5,1,0
"312",11,6.91,0.5,1,0
"313",11,6.92,0.5,0,1
"314",11,6.67,0.5,0,1
"315",11,7.03,0.5,0,1
"316",11,7.57,0.5,0,1
"317",11,6.85,0.5,0,1
"318",12,7.01,-0.5,1,0
"319",12,7.05,-0.5,1,0
"320",12,6.86,-0.5,1,0
"321",12,7.24,-0.5,1,0
"322",12,7.08,-0.5,1,0
"323",12,6.97,-0.5,1,0
"324",12,7.47,-0.5,1,0
"325",12,6.99,-0.5,1,0
"326",12,6.91,-0.5,1,0
"327",12,7.05,-0.5,0,1
"328",12,6.87,-0.5,0,1
"329",12,6.95,-0.5,0,1
"330",12,6.87,-0.5,0,1
"331",12,8.29,-0.5,0,1
"332",12,7.19,-0.5,0,1
"333",12,6.98,-0.5,0,1
"334",12,6.9,-0.5,0,1
"335",12,7.28,-0.5,0,1
"336",12,6.9,0.5,1,0
"337",12,7.48,0.5,1,0
"338",12,7.23,0.5,1,0
"339",12,7.19,0.5,1,0
"340",12,7.26,0.5,1,0
"341",12,6.91,0.5,1,0
"342",12,7.07,0.5,1,0
"343",12,7.11,0.5,1,0
"344",12,6.84,0.5,1,0
"345",12,7.15,0.5,1,0
"346",12,6.97,0.5,0,1
"347",12,6.99,0.5,0,1
"348",12,6.74,0.5,0,1
"349",12,7.25,0.5,0,1
"350",12,7.69,0.5,0,1
"351",12,6.97,0.5,0,1
"352",12,7.32,0.5,0,1
"353",12,7.72,0.5,0,1
"354",12,7.92,0.5,0,1
"355",13,7,-0.5,1,0
"356",13,7.3,-0.5,1,0
"357",13,7.19,-0.5,1,0
"358",13,6.86,-0.5,1,0
"359",13,6.72,-0.5,0,1
"360",13,7.05,-0.5,0,1
"361",13,6.79,-0.5,0,1
"362",13,7.09,0.5,1,0
"363",13,6.58,0.5,1,0
"364",13,6.62,0.5,1,0
"365",13,7.06,0.5,1,0
"366",13,6.8,0.5,1,0
"367",13,6.73,0.5,1,0
"368",13,6.46,0.5,1,0
"369",13,6.91,0.5,1,0
"370",13,6.71,0.5,1,0
"371",13,7.34,0.5,1,0
"372",13,6.55,0.5,1,0
"373",13,6.67,0.5,1,0
"374",13,6.55,0.5,1,0
"375",13,6.78,0.5,1,0
"376",13,6.44,0.5,1,0
"377",13,6.5,0.5,1,0
"378",13,6.73,0.5,1,0
"379",13,6.95,0.5,1,0
"380",13,6.99,0.5,0,1
"381",13,6.28,0.5,0,1
"382",13,6.29,0.5,0,1
"383",13,6.71,0.5,0,1
"384",13,6.59,0.5,0,1
"385",13,6.34,0.5,0,1
"386",13,6.52,0.5,0,1
"387",13,6.27,0.5,0,1
"388",13,6.79,0.5,0,1
"389",13,6.36,0.5,0,1
"390",13,6.5,0.5,0,1
"391",13,6.53,0.5,0,1
"392",13,6.72,0.5,0,1
"393",13,6.44,0.5,0,1
"394",13,6.36,0.5,0,1
"395",13,6.42,0.5,0,1
"396",13,6.63,0.5,0,1
"397",16,7.21,-0.5,1,0
"398",16,7.18,-0.5,1,0
"399",16,7.13,-0.5,1,0
"400",16,7.15,-0.5,1,0
"401",16,7.05,-0.5,1,0
"402",16,7.49,-0.5,1,0
"403",16,6.71,-0.5,1,0
"404",16,7.52,-0.5,1,0
"405",16,7.21,-0.5,1,0
"406",16,6.94,-0.5,1,0
"407",16,6.95,-0.5,1,0
"408",16,7.5,-0.5,1,0
"409",16,6.76,-0.5,1,0
"410",16,6.63,-0.5,0,1
"411",16,7.98,-0.5,0,1
"412",16,7.94,-0.5,0,1
"413",16,6.56,-0.5,0,1
"414",16,6.97,-0.5,0,1
"415",16,6.74,-0.5,0,1
"416",16,6.51,-0.5,0,1
"417",16,6.94,-0.5,0,1
"418",16,7.72,-0.5,0,1
"419",16,7.18,-0.5,0,1
"420",16,8.25,-0.5,0,1
"421",16,7.08,-0.5,0,1
"422",16,6.61,-0.5,0,1
"423",16,7.43,-0.5,0,1
"424",16,6.93,0.5,1,0
"425",16,7.1,0.5,1,0
"426",16,7,0.5,1,0
"427",16,6.91,0.5,1,0
"428",16,6.83,0.5,1,0
"429",16,7.67,0.5,1,0
"430",16,7.25,0.5,1,0
"431",16,8.15,0.5,0,1
"432",16,6.78,0.5,0,1
"433",16,6.68,0.5,0,1
"434",16,7.49,0.5,0,1
"435",16,6.6,0.5,0,1
"436",16,6.73,0.5,0,1
"437",16,7.86,0.5,0,1
"438",16,6.99,0.5,0,1
"439",16,6.59,0.5,0,1
"440",16,7.07,0.5,0,1
"441",17,6.75,-0.5,1,0
"442",17,6.87,-0.5,1,0
"443",17,6.75,-0.5,1,0
"444",17,7.02,-0.5,1,0
"445",17,6.71,-0.5,1,0
"446",17,6.66,-0.5,1,0
"447",17,7.33,-0.5,1,0
"448",17,6.89,-0.5,1,0
"449",17,7.43,-0.5,1,0
"450",17,7.78,-0.5,1,0
"451",17,7.13,-0.5,1,0
"452",17,7.35,-0.5,0,1
"453",17,7,-0.5,0,1
"454",17,6.59,-0.5,0,1
"455",17,6.75,-0.5,0,1
"456",17,6.79,-0.5,0,1
"457",17,6.73,-0.5,0,1
"458",17,7.28,-0.5,0,1
"459",17,6.95,-0.5,0,1
"460",17,6.98,-0.5,0,1
"461",17,6.83,-0.5,0,1
"462",17,7.07,-0.5,0,1
"463",17,6.92,-0.5,0,1
"464",17,6.55,-0.5,0,1
"465",17,7.38,0.5,1,0
"466",17,7.02,0.5,1,0
"467",17,7.19,0.5,1,0
"468",17,7.04,0.5,1,0
"469",17,7.25,0.5,1,0
"470",17,6.62,0.5,0,1
"471",17,7.1,0.5,0,1
"472",17,7.18,0.5,0,1
"473",17,7.24,0.5,0,1
"474",17,6.77,0.5,0,1
"475",18,7.29,-0.5,1,0
"476",18,7.05,-0.5,1,0
"477",18,7.1,-0.5,1,0
"478",18,8.09,-0.5,1,0
"479",18,7.07,-0.5,1,0
"480",18,7.02,-0.5,1,0
"481",18,8.22,-0.5,1,0
"482",18,6.64,-0.5,1,0
"483",18,6.83,-0.5,0,1
"484",18,7.02,-0.5,0,1
"485",18,6.9,-0.5,0,1
"486",18,7.3,-0.5,0,1
"487",18,7,-0.5,0,1
"488",18,7.8,-0.5,0,1
"489",18,7.43,-0.5,0,1
"490",18,8.13,-0.5,0,1
"491",18,8.23,0.5,1,0
"492",18,7.23,0.5,1,0
"493",18,6.66,0.5,1,0
"494",18,6.56,0.5,1,0
"495",18,7.45,0.5,1,0
"496",18,7.06,0.5,1,0
"497",18,8.51,0.5,1,0
"498",18,6.82,0.5,1,0
"499",18,7.26,0.5,1,0
"500",18,7.39,0.5,1,0
"501",18,7.37,0.5,1,0
"502",18,7.65,0.5,1,0
"503",18,7.58,0.5,0,1
"504",18,7.62,0.5,0,1
"505",18,6.9,0.5,0,1
"506",18,7.09,0.5,0,1
"507",18,8.32,0.5,0,1
"508",18,7.46,0.5,0,1
"509",19,6.78,-0.5,1,0
"510",19,6.56,-0.5,1,0
"511",19,6.73,-0.5,1,0
"512",19,6.98,-0.5,1,0
"513",19,7.18,-0.5,1,0
"514",19,6.62,-0.5,1,0
"515",19,7.1,-0.5,1,0
"516",19,6.66,-0.5,1,0
"517",19,7.13,-0.5,1,0
"518",19,6.83,-0.5,1,0
"519",19,6.65,-0.5,1,0
"520",19,6.52,-0.5,1,0
"521",19,6.75,-0.5,1,0
"522",19,8.38,-0.5,0,1
"523",19,6.55,-0.5,0,1
"524",19,6.95,-0.5,0,1
"525",19,8.36,-0.5,0,1
"526",19,7.35,-0.5,0,1
"527",19,6.81,-0.5,0,1
"528",19,7.04,-0.5,0,1
"529",19,7.21,-0.5,0,1
"530",19,7.18,-0.5,0,1
"531",19,6.95,-0.5,0,1
"532",19,7.24,-0.5,0,1
"533",19,6.65,-0.5,0,1
"534",19,7.51,-0.5,0,1
"535",19,6.63,0.5,1,0
"536",19,6.99,0.5,1,0
"537",19,7.17,0.5,1,0
"538",19,6.74,0.5,1,0
"539",19,6.9,0.5,1,0
"540",19,6.46,0.5,1,0
"541",19,6.82,0.5,1,0
"542",19,6.88,0.5,1,0
"543",19,6.47,0.5,0,1
"544",19,8.17,0.5,0,1
"545",19,7.66,0.5,0,1
"546",19,7.1,0.5,0,1
"547",19,7.02,0.5,0,1
"548",19,7.07,0.5,0,1
"549",19,7.24,0.5,0,1
"550",19,7.03,0.5,0,1
"551",19,7.13,0.5,0,1
"552",19,6.96,0.5,0,1
"553",19,6.7,0.5,0,1
"554",20,7.69,-0.5,1,0
"555",20,7.33,-0.5,1,0
"556",20,7.45,-0.5,1,0
"557",20,7.56,-0.5,1,0
"558",20,7.99,-0.5,1,0
"559",20,7.13,-0.5,0,1
"560",20,8.32,-0.5,0,1
"561",20,8.37,-0.5,0,1
"562",20,7.18,-0.5,0,1
"563",20,7.8,0.5,1,0
"564",20,7.07,0.5,1,0
"565",20,6.8,0.5,1,0
"566",20,7.99,0.5,1,0
"567",20,7.62,0.5,1,0
"568",20,7.43,0.5,1,0
"569",20,7.13,0.5,1,0
"570",20,6.89,0.5,1,0
"571",20,7.07,0.5,1,0
"572",20,6.76,0.5,1,0
"573",20,6.98,0.5,1,0
"574",20,6.91,0.5,1,0
"575",20,8.31,0.5,1,0
"576",20,7.06,0.5,1,0
"577",20,8.48,0.5,1,0
"578",20,6.91,0.5,1,0
"579",20,7.49,0.5,1,0
"580",20,7.37,0.5,0,1
"581",20,7.77,0.5,0,1
"582",20,7.44,0.5,0,1
"583",20,7.57,0.5,0,1
"584",20,6.95,0.5,0,1
"585",20,7.12,0.5,0,1
"586",20,6.67,0.5,0,1
"587",20,6.41,0.5,0,1
"588",20,7,0.5,0,1
"589",20,6.64,0.5,0,1
"590",20,6.61,0.5,0,1
"591",20,6.52,0.5,0,1
"592",20,6.8,0.5,0,1
"593",20,6.68,0.5,0,1
"594",20,6.85,0.5,0,1
"595",20,7.17,0.5,0,1
"596",20,6.66,0.5,0,1
"597",21,7.32,-0.5,1,0
"598",21,7.07,-0.5,1,0
"599",21,7.09,-0.5,1,0
"600",21,7.16,-0.5,0,1
"601",21,7.31,-0.5,0,1
"602",21,8.26,-0.5,0,1
"603",21,7.24,0.5,1,0
"604",21,6.53,0.5,1,0
"605",21,7.37,0.5,1,0
"606",21,7.24,0.5,1,0
"607",21,6.96,0.5,1,0
"608",21,6.61,0.5,1,0
"609",21,6.86,0.5,1,0
"610",21,6.8,0.5,1,0
"611",21,6.6,0.5,1,0
"612",21,7.61,0.5,1,0
"613",21,6.82,0.5,1,0
"614",21,6.36,0.5,1,0
"615",21,6.46,0.5,1,0
"616",21,6.62,0.5,1,0
"617",21,6.8,0.5,1,0
"618",21,6.93,0.5,1,0
"619",21,6.71,0.5,1,0
"620",21,7.15,0.5,1,0
"621",21,6.7,0.5,1,0
"622",21,6.84,0.5,1,0
"623",21,6.75,0.5,0,1
"624",21,6.81,0.5,0,1
"625",21,7.45,0.5,0,1
"626",21,6.66,0.5,0,1
"627",21,6.7,0.5,0,1
"628",21,6.58,0.5,0,1
"629",21,7.61,0.5,0,1
"630",21,6.8,0.5,0,1
"631",21,7.66,0.5,0,1
"632",21,6.71,0.5,0,1
"633",21,6.99,0.5,0,1
"634",21,6.8,0.5,0,1
"635",21,6.54,0.5,0,1
"636",21,6.65,0.5,0,1
"637",21,6.9,0.5,0,1
"638",21,7.47,0.5,0,1
"639",21,6.61,0.5,0,1
"640",21,6.67,0.5,0,1
"641",21,6.57,0.5,0,1
"642",24,7.34,-0.5,1,0
"643",24,7.02,-0.5,1,0
"644",24,7.21,-0.5,1,0
"645",24,6.81,-0.5,1,0
"646",24,6.94,-0.5,1,0
"647",24,7.64,-0.5,1,0
"648",24,6.8,-0.5,1,0
"649",24,7.23,-0.5,1,0
"650",24,6.98,-0.5,0,1
"651",24,6.85,-0.5,0,1
"652",24,6.89,-0.5,0,1
"653",24,7.23,-0.5,0,1
"654",24,7.28,-0.5,0,1
"655",24,6.9,-0.5,0,1
"656",24,6.94,-0.5,0,1
"657",24,6.91,-0.5,0,1
"658",24,7.55,0.5,1,0
"659",24,6.9,0.5,1,0
"660",24,7.75,0.5,1,0
"661",24,6.57,0.5,1,0
"662",24,6.62,0.5,1,0
"663",24,6.58,0.5,1,0
"664",24,6.69,0.5,1,0
"665",24,6.76,0.5,1,0
"666",24,6.84,0.5,1,0
"667",24,6.62,0.5,1,0
"668",24,6.61,0.5,1,0
"669",24,6.62,0.5,1,0
"670",24,6.6,0.5,1,0
"671",24,6.72,0.5,1,0
"672",24,6.63,0.5,1,0
"673",24,6.96,0.5,1,0
"674",24,7.41,0.5,1,0
"675",24,6.63,0.5,1,0
"676",24,6.59,0.5,0,1
"677",24,6.51,0.5,0,1
"678",24,6.59,0.5,0,1
"679",24,6.55,0.5,0,1
"680",24,7.2,0.5,0,1
"681",24,6.73,0.5,0,1
"682",24,6.65,0.5,0,1
"683",24,6.65,0.5,0,1
"684",24,6.71,0.5,0,1
"685",24,6.68,0.5,0,1
"686",24,6.79,0.5,0,1
"687",24,6.59,0.5,0,1
"688",24,6.8,0.5,0,1
"689",24,7,0.5,0,1
"690",24,6.89,0.5,0,1
"691",24,6.52,0.5,0,1
"692",24,6.63,0.5,0,1
"693",24,6.63,0.5,0,1
"694",26,8.15,-0.5,1,0
"695",26,7.78,-0.5,1,0
"696",26,7.87,-0.5,0,1
"697",26,7.35,-0.5,0,1
"698",26,7.61,-0.5,0,1
"699",26,7.66,0.5,1,0
"700",26,7.21,0.5,1,0
"701",26,7.29,0.5,1,0
"702",26,7.06,0.5,1,0
"703",26,6.78,0.5,1,0
"704",26,6.68,0.5,1,0
"705",26,7.74,0.5,1,0
"706",26,7.22,0.5,1,0
"707",26,6.79,0.5,1,0
"708",26,7.54,0.5,1,0
"709",26,7.02,0.5,1,0
"710",26,7.56,0.5,1,0
"711",26,8.02,0.5,1,0
"712",26,7.52,0.5,1,0
"713",26,7.01,0.5,1,0
"714",26,6.82,0.5,1,0
"715",26,7.87,0.5,1,0
"716",26,6.99,0.5,0,1
"717",26,6.7,0.5,0,1
"718",26,6.66,0.5,0,1
"719",26,6.56,0.5,0,1
"720",26,6.74,0.5,0,1
"721",26,6.99,0.5,0,1
"722",26,6.66,0.5,0,1
"723",26,6.57,0.5,0,1
"724",26,7.03,0.5,0,1
"725",26,8.05,0.5,0,1
"726",26,8.1,0.5,0,1
"727",26,7.49,0.5,0,1
"728",26,6.82,0.5,0,1
"729",26,6.5,0.5,0,1
"730",26,6.59,0.5,0,1
"731",26,6.61,0.5,0,1
"732",27,7.07,-0.5,1,0
"733",27,6.8,-0.5,0,1
"734",27,6.87,-0.5,0,1
"735",27,6.86,-0.5,0,1
"736",27,6.34,0.5,1,0
"737",27,6.45,0.5,1,0
"738",27,6.51,0.5,1,0
"739",27,6.53,0.5,1,0
"740",27,6.66,0.5,1,0
"741",27,6.67,0.5,1,0
"742",27,6.65,0.5,1,0
"743",27,6.79,0.5,1,0
"744",27,6.53,0.5,1,0
"745",27,6.55,0.5,1,0
"746",27,6.82,0.5,1,0
"747",27,6.67,0.5,1,0
"748",27,6.65,0.5,1,0
"749",27,6.89,0.5,1,0
"750",27,6.11,0.5,0,1
"751",27,6.39,0.5,0,1
"752",27,6.47,0.5,0,1
"753",27,6.28,0.5,0,1
"754",27,6.39,0.5,0,1
"755",27,6.43,0.5,0,1
"756",27,6.87,0.5,0,1
"757",27,7.1,0.5,0,1
"758",27,6.54,0.5,0,1
"759",27,6.74,0.5,0,1
"760",27,6.79,0.5,0,1
"761",27,6.48,0.5,0,1
"762",27,6.44,0.5,0,1
"763",27,6.86,0.5,0,1
"764",27,6.72,0.5,0,1
"765",27,6.63,0.5,0,1
"766",29,7.54,-0.5,1,0
"767",29,7.12,-0.5,1,0
"768",29,6.91,-0.5,1,0
"769",29,7.35,-0.5,0,1
"770",29,7.02,-0.5,0,1
"771",29,7.34,-0.5,0,1
"772",29,6.78,0.5,1,0
"773",29,6.63,0.5,1,0
"774",29,6.77,0.5,1,0
"775",29,6.69,0.5,1,0
"776",29,6.79,0.5,1,0
"777",29,7.32,0.5,1,0
"778",29,6.69,0.5,1,0
"779",29,6.53,0.5,1,0
"780",29,7.63,0.5,1,0
"781",29,7.05,0.5,1,0
"782",29,6.67,0.5,1,0
"783",29,7,0.5,1,0
"784",29,7.32,0.5,1,0
"785",29,8.46,0.5,1,0
"786",29,7.04,0.5,1,0
"787",29,7.86,0.5,1,0
"788",29,7.18,0.5,1,0
"789",29,6.53,0.5,1,0
"790",29,6.79,0.5,0,1
"791",29,6.68,0.5,0,1
"792",29,6.53,0.5,0,1
"793",29,6.69,0.5,0,1
"794",29,6.88,0.5,0,1
"795",29,6.6,0.5,0,1
"796",29,6.78,0.5,0,1
"797",29,6.84,0.5,0,1
"798",29,7.16,0.5,0,1
"799",29,6.87,0.5,0,1
"800",29,6.86,0.5,0,1
"801",29,6.93,0.5,0,1
"802",29,7.06,0.5,0,1
"803",31,6.97,-0.5,1,0
"804",31,6.68,-0.5,1,0
"805",31,6.81,-0.5,1,0
"806",31,6.75,-0.5,1,0
"807",31,6.78,-0.5,1,0
"808",31,7.04,-0.5,0,1
"809",31,6.65,-0.5,0,1
"810",31,7.17,-0.5,0,1
"811",31,6.87,-0.5,0,1
"812",31,6.65,-0.5,0,1
"813",31,6.63,-0.5,0,1
"814",31,7.07,-0.5,0,1
"815",31,6.98,-0.5,0,1
"816",31,6.96,-0.5,0,1
"817",31,6.7,0.5,1,0
"818",31,6.42,0.5,1,0
"819",31,6.47,0.5,1,0
"820",31,6.38,0.5,1,0
"821",31,6.51,0.5,1,0
"822",31,6.43,0.5,1,0
"823",31,7.29,0.5,1,0
"824",31,7.18,0.5,1,0
"825",31,6.57,0.5,1,0
"826",31,7.04,0.5,1,0
"827",31,7.11,0.5,1,0
"828",31,6.67,0.5,1,0
"829",31,6.75,0.5,1,0
"830",31,6.72,0.5,1,0
"831",31,6.76,0.5,1,0
"832",31,6.61,0.5,1,0
"833",31,6.45,0.5,1,0
"834",31,6.76,0.5,0,1
"835",31,6.6,0.5,0,1
"836",31,6.39,0.5,0,1
"837",31,6.43,0.5,0,1
"838",31,6.51,0.5,0,1
"839",31,6.5,0.5,0,1
"840",31,6.69,0.5,0,1
"841",31,6.9,0.5,0,1
"842",31,6.6,0.5,0,1
"843",31,6.89,0.5,0,1
"844",31,7.03,0.5,0,1
"845",31,7.11,0.5,0,1
"846",31,6.52,0.5,0,1
"847",31,7,0.5,0,1
"848",31,6.75,0.5,0,1
"849",31,6.34,0.5,0,1
"850",31,6.38,0.5,0,1
